{
  "target": "is_top3",
  "test_season": 2025,
  "model_path": "artifacts\\best_is_top3_model.pkl",
  "accuracy": 0.9333333333333333,
  "precision": 0.8333333333333334,
  "recall": 0.8333333333333334,
  "f1_score": 0.8333333333333334,
  "confusion_matrix": [
    [
      23,
      1
    ],
    [
      1,
      5
    ]
  ]
}